TAZ,SOI,COMMUNITY,Cube_HU_TAZ,Cube_EMP_TAZ
101,Clovis,,41.35999966,37.29394418
102,Clovis,,0,0
103,Clovis,,135.74,77.78635736
104,Clovis,,150.07,7.92
105,Clovis,,140.75,13.73
106,Clovis,,93.5,0
107,Clovis,,90.97,139.2354215
108,Clovis,,32.13,0
109,Clovis,,109.5,0
110,Clovis,,0,79.72
111,Clovis,,39.53,2.31
112,Clovis,,0,198.5631122
113,Clovis,,0,0
114,Clovis,,42.58,14.9
115,Clovis,,0,17.09
116,Clovis,,39.5,12.35973918
117,Clovis,,143.54,0
118,Clovis,,23.47,0
119,Clovis,,0,0
120,Clovis,,59.24,0.62
121,Clovis,,1.77,228.7527019
122,Clovis,,3.81,137.9787467
123,Clovis,,0.36,0
124,Clovis,,28.74,119.26
125,Clovis,,2.8,33
126,Clovis,,2.45,15.2694024
127,Clovis,,1.05,205.8637174
128,Clovis,,131.26,46.24
129,Clovis,,44.52,0
130,Clovis,,0,82.58
131,Clovis,,39.39,0
132,Clovis,,0.69,0
133,Clovis,,0,35.28541437
134,Clovis,,124.14,13.75
135,Clovis,,0.36,0
136,Clovis,,41.99,13.19899424
137,Clovis,,60.21,0
138,Clovis,,167.89,187.62
139,Clovis,,72.85,71.31971913
140,Clovis,,174.95,27.6462114
141,Clovis,,46.84,0.19
142,Clovis,,11.04,34.73968717
143,Clovis,,7.01,0.74
144,Clovis,,137.93,17.76
145,Clovis,,79.26,0.1362114
146,Clovis,,43.66,73.01707507
147,Clovis,,0,7.64
148,Clovis,,0.69,30.44
149,Clovis,,70.19,64.92
150,Clovis,,20.91,0.63
151,Clovis,,13.79,0
152,Clovis,,79.71,8.17
153,Clovis,,150.98,4.65
154,Clovis,,112.62,1.17
155,Clovis,,0,1.94
156,Clovis,,238.01,6.92
157,Clovis,,55.05,90
158,Clovis,,120.74,0
159,Clovis,,103.9,2.98
160,Clovis,,135.77,60.16496912
161,Clovis,,0.36,10.9
162,Clovis,,27.03,209.4143386
163,Clovis,,140.7,0
164,Clovis,,149.73,72.97
165,Clovis,,74.88,0
166,Clovis,,165.71,1.08
167,Clovis,,105.7599992,3.26
168,Clovis,,0,4.82
169,Fresno,,0,81.92061199
170,Clovis,,167.73,56.35
171,Clovis,,0,0
172,Clovis,,18.99,4.85
173,Clovis,,85.61,15.94
174,Clovis,,0.36,109.9136449
175,Clovis,,0.69,18.19351845
176,Clovis,,146.57,91.75345888
177,Clovis,,11.54,47.23935708
178,Clovis,,109.56,113.7851073
179,Clovis,,0,88.85708512
180,Clovis,,129.35,24.82414785
181,Clovis,,128.82,121.6009777
182,Clovis,,164.58,2.02
183,Clovis,,137.02,0
184,Clovis,,0,39.43
185,Clovis,,92.41,5.59
186,Clovis,,0,118.5350624
187,Clovis,,119.93,2.98
188,Clovis,,149.77,4.1
189,Clovis,,206.75,187.7866534
190,Clovis,,39,0
191,Clovis,,58.23,0
192,Clovis,,98.5,11.62
193,Clovis,,0.69,169.7146464
194,Clovis,,0,28.1986342
195,Clovis,,180.36,0
196,Clovis,,112.27,38.69799971
197,Clovis,,93.88,14.62
198,Clovis,,139.82,0
199,Clovis,,121.93,48.19
200,Clovis,,321.73,37.25140769
201,Clovis,,187.14,42.98
202,Clovis,,93.46,2.55
203,Clovis,,114.29,0
204,Clovis,,155.94,42.02
205,Clovis,,77.3199986,31.00993824
206,Clovis,,1.05,5.1
207,Clovis,,37.83999956,7.16
208,Clovis,,30.73,10.43
209,Clovis,,41.93,4.47
210,Clovis,,9.21,22.69
211,Clovis,,83.36,10.07794167
212,Clovis,,97.92,0
213,Clovis,,99.65,38.86
214,Clovis,,99.58,14.89
215,Clovis,,0.33,0
216,,,0,0
217,,,0,0
218,,,0,0
219,,,0,0
220,,,0,0
221,,,0,0
222,,,0,0
223,,,0,0
224,,,0,0
225,,,0,0
226,,,0,0
227,,,0,0
228,,,0,0
229,,,0,0
230,,,0,0
231,,,0,0
232,,,0,0
233,,,0,0
234,,,0,0
235,,,0,0
236,,,0,0
237,,,0,0
238,,,0,0
239,,,0,0
240,,,0,0
241,Clovis,,0,0
242,Clovis,,2.42,0.02
243,Clovis,,6.96,0
244,Clovis,,2.78,41.94
245,Clovis,,4.15,47.01
246,Clovis,,1.05,0
247,Clovis,,1.38,0
248,Clovis,,1.41,0.38
249,Clovis,,1.74,0.124085578
250,Clovis,,0,0
251,Clovis,,2.12,1
252,Clovis,,3.49,0.121065829
253,Clovis,,185.25,17.35
254,Clovis,,178.1,4.57
255,Clovis,,127.2,0
256,Clovis,,79.93,1.72
257,Clovis,,33.8,0.074744639
258,Clovis,,31.85,0.43
259,Clovis,,67.53,1.13
260,Clovis,,10.43,1.86
261,Clovis,,10,2.84
262,Clovis,,9.66,0
263,Clovis,,87.48,38.46
264,Clovis,,0,2.33
265,Clovis,,13.75,4.76
266,Clovis,,64.8,1.64
267,Clovis,,75.02999887,2.71
268,Clovis,,0,0
269,Clovis,,0,0.74
270,Clovis,,0,27
271,Clovis,,0,80.04
272,Clovis,,7.12,0
273,Clovis,,14.9,0.72
274,Clovis,,0,0.38
275,Clovis,,0,40.11
276,Clovis,,0,0.13
277,Clovis,,0,0.02
278,Clovis,,0,2.76
279,Clovis,,0,0
280,Clovis,,3.98,0.12
281,Clovis,,1.37,2
282,Clovis,,36.01,5.9
283,Clovis,,0,3
284,Clovis,,0,0
285,Clovis,,0,0
286,Clovis,,0,0
287,Clovis,,1.39,0
288,Clovis,,0,4.57
289,Clovis,,0,0
290,Clovis,,0,0
291,Clovis,,0.71,8.88E-16
292,Clovis,,0.36,0
293,Clovis,,1.04,29
294,Clovis,,0,0.37
295,Clovis,,0,0
296,Clovis,,0,0
297,Clovis,,0,0
298,Clovis,,3.52,0.31
299,Clovis,,1.14,3
300,Unincorporate,,5.24,0
301,,,0,0
302,,,0,0
303,,,0,0
304,,,0,0
305,,,0,0
306,,,0,0
307,,,0,0
308,,,0,0
309,,,0,0
310,,,0,0
311,,,0,0
312,,,0,0
313,,,0,0
314,,,0,0
315,,,0,0
316,,,0,0
317,,,0,0
318,,,0,0
319,,,0,0
320,,,0,0
321,Coalinga,,0,0.13
322,Unincorporate,,0,0
323,Coalinga,,74.29,96.52
324,Coalinga,,103.37,0.74
325,Coalinga,,60.35,0
326,Coalinga,,72.29,0
327,Coalinga,,17.08,2.62
328,Coalinga,,144.07,0
329,Coalinga,,0,99.83
330,Coalinga,,66.35,0
331,Coalinga,,41.67,54.94
332,Coalinga,,80.8,2.1
333,Coalinga,,140.83,3.918900517
334,Coalinga,,78.44,8.999649124
335,Coalinga,,0,0.170350876
336,Coalinga,,89.85,0
337,Coalinga,,0,0
338,Coalinga,,0,145
339,Coalinga,,95.09,8.49
340,Unincorporate,,0,18.18
341,Unincorporate,,1.71,0
342,,,0,0
343,,,0,0
344,,,0,0
345,,,0,0
346,,,0,0
347,,,0,0
348,,,0,0
349,,,0,0
350,,,0,0
351,Unincorporate,,0,0.012975464
352,Unincorporate,,0,0
353,Coalinga,,5.9,0
354,Coalinga,,0,0
355,Coalinga,,0,0
356,,,0,0
357,,,0,0
358,,,0,0
359,,,0,0
360,,,0,0
361,,,0,0
362,,,0,0
363,,,0,0
364,,,0,0
365,,,0,0
366,,,0,0
367,,,0,0
368,,,0,0
369,,,0,0
370,,,0,0
371,Firebaugh,,30.33,5.61
372,Firebaugh,,263.24,19.88
373,Firebaugh,,27.39,0
374,Firebaugh,,0,138.21
375,Firebaugh,,0,0
376,Firebaugh,,3.79,0
377,Firebaugh,,154.38,0
378,Firebaugh,,1.37,0
379,Firebaugh,,0,0
380,Firebaugh,,50.13,0
381,Firebaugh,,0,0
382,,,0,0
383,,,0,0
384,,,0,0
385,,,0,0
386,,,0,0
387,,,0,0
388,,,0,0
389,,,0,0
390,,,0,0
391,Firebaugh,,18.36,74.12
392,Firebaugh,,0.7,1
393,Firebaugh,,0,0
394,,,0,0
395,,,0,0
396,,,0,0
397,,,0,0
398,,,0,0
399,,,0,0
400,,,0,0
401,,,0,0
402,,,0,0
403,,,0,0
404,,,0,0
405,,,0,0
406,,,0,0
407,,,0,0
408,,,0,0
409,,,0,0
410,,,0,0
411,Fowler,,44.46,50.74
412,Fowler,,33.85,0
413,Fowler,,35.04,0
414,Fowler,,10.69,4.037101866
415,Fowler,,41.94,9.913348875
416,Fowler,,54.88,0
417,Fowler,,71.48,1.71
418,Fowler,,13.71,108.24
419,Fowler,,99.65,39.04745368
420,Fowler,,0.3,0
421,Fowler,,1.02,0
422,Fowler,,2.04,0
423,Fowler,,3.49,0
424,Fowler,,0,0
425,Fowler,,0,0.01
426,Fowler,,0.3,0
427,Fowler,,0,0
428,,,0,0
429,,,0,0
430,,,0,0
431,,,0,0
432,,,0,0
433,,,0,0
434,,,0,0
435,,,0,0
436,,,0,0
437,,,0,0
438,,,0,0
439,,,0,0
440,,,0,0
441,Fowler,,2.06,0
442,Fowler,,0.31,0.01
443,Unincorporate,,6.97,0
444,Fowler,,0.7,0
445,Fowler,,0,0
446,Fowler,,0,0.01
447,Fowler,,0.3,0
448,Unincorporate,,0,0
449,Fowler,,0,0
450,Fowler,,5.17,0
451,Fowler,,1.75,0
452,Fowler,,2.76,1.37
453,Fowler,,2.05,0
454,Fowler,,0.7,0
455,Fowler,,1.02,0
456,Fowler,,38.19,1.49
457,Fowler,,1.74,2
458,Fowler,,0.3,0
459,Fowler,,1.74,0
460,Fowler,,38.12,0
461,Fowler,,36.27,10.37
462,,,0,0
463,,,0,0
464,,,0,0
465,,,0,0
466,,,0,0
467,,,0,0
468,,,0,0
469,,,0,0
470,,,0,0
471,,,0,0
472,,,0,0
473,,,0,0
474,,,0,0
475,,,0,0
476,,,0,0
477,,,0,0
478,,,0,0
479,,,0,0
480,,,0,0
481,Fresno,,12.5,0
482,Fresno,,11.13,1.49
483,Fresno,,68.95,13.98
484,Fresno,,0,0
485,Fresno,,127.28,25.51394418
486,Fresno,,0,0.51
487,Fresno,,81.28,7.09
488,Fresno,,70.36,10.77
489,Fresno,,68.69,4.23
490,Fresno,,71.17,3.73
491,Fresno,,59.25,2.14
492,Fresno,,67.62,0.64
493,Fresno,,31.7,2.29
494,Fresno,,64.18,6.52
495,Fresno,,131.56,0
496,Fresno,,0,31.536138
497,Fresno,,42.05,2.04
498,Fresno,,19.98,2.03
499,Fresno,,5.4,9.068086819
500,Fresno,,96.22,48.96951416
501,Fresno,,104.63,33.46
502,Fresno,,108.56,204.397671
503,Fresno,,141.34,31.13
504,Fresno,,94.69,32.04951912
505,Fresno,,117.6,22.924647
506,Fresno,,172.42,42.29297648
507,Fresno,,249.37,144.2920097
508,Fresno,,0,193.4998773
509,Fresno,,0,140.15
510,Fresno,,0,344.5871658
511,Fresno,,205.74,44.6
512,Fresno,,302.25,30.17
513,Fresno,,148.35,312.2831547
514,Fresno,,0,213.89
515,Fresno,,0,253.61
516,Fresno,,0,91.38
517,Fresno,,90.82,0
518,Fresno,,103.11,0
519,Fresno,,2.44,0
520,Fresno,,2.7,0.37
521,,,0,0
522,Fresno,,62.08,0
523,Fresno,,0,0.01
524,Fresno,,72.13,2.21
525,Fresno,,108.48,8.37
526,Fresno,,284.09,0
527,Fresno,,175.56,57.88772709
528,Fresno,,122.9,214.64
529,Fresno,,139.37,9.57
530,Fresno,,107.28,1.21
531,Fresno,,135.36,10.74
532,Fresno,,74.25,204.58
533,Fresno,,126.15,54.33767102
534,Fresno,,155.92,159.8768853
535,Fresno,,119.83,31.7097209
536,Fresno,,122.91,34.35
537,Fresno,,0,75.61300496
538,Fresno,,0,0
539,Fresno,,0,0
540,Fresno,,174.24,20.0589133
541,Fresno,,164.77,7.06
542,Fresno,,269.27,14.4814172
543,Fresno,,70.61,4.16
544,Fresno,,0.98,50.38
545,Fresno,,56.08,0
546,Fresno,,166.38,36.63
547,Fresno,,11.17,0.37
548,Fresno,,139.96,59.36404876
549,Fresno,,116.13,2.83
550,Fresno,,64.41,37.66
551,Fresno,,104.97,32.84
552,Fresno,,101.77,0
553,Fresno,,240.37,0
554,Fresno,,174.47,9.27
555,Fresno,,1.73,39.03006693
556,Fresno,,114.46,4.29
557,Fresno,,1.76,106.3187043
558,Fresno,,330.11,25.21859485
559,Fresno,,0,248.6225439
560,Fresno,,0,34.7
561,Fresno,,111.62,5.4508076
562,Fresno,,8.04,0
563,Fresno,,226.35,3.92
564,Fresno,,260.82,4.43
565,Fresno,,40.55,99.3241091
566,Fresno,,62.81,12.61486225
567,Fresno,,110.86,4.09
568,Fresno,,50.1,34.87510859
569,Fresno,,0,143.0369117
570,Fresno,,281.97,3.81
571,Fresno,,79.19,0
572,Fresno,,0,16.64340406
573,Fresno,,102.72,6.7
574,Fresno,,81.43,117.3596531
575,Fresno,,69.82,13.8787236
576,Fresno,,79.35,37.6
577,Fresno,,0,0
578,Fresno,,93.95,20.27
579,Fresno,,108.38,0
580,Fresno,,72.36,0
581,Fresno,,86.35,60.44086252
582,Fresno,,132.48,45.59299404
583,Fresno,,0,333.4397822
584,Fresno,,144.16,0
585,Fresno,,85.35,0
586,Fresno,,148.16,0
587,Fresno,,0.69,229.4543092
588,Fresno,,0,168.1814672
589,Fresno,,0,0
590,Fresno,,0,0
591,Fresno,,0,213
592,Fresno,,0,0
593,Fresno,,1.04,0
594,Fresno,,3.58,167.51
595,Fresno,,0,1.53
596,Fresno,,0,281.5892884
597,Fresno,,93.56,7.4
598,Fresno,,367.49,0
599,Fresno,,284.3,108.6789133
600,Fresno,,31.58,0
601,Fresno,,18.6,239.2511458
602,Fresno,,135.3,18.55
603,Fresno,,167.36,0
604,Fresno,,114.16,15.93
605,Fresno,,110.84,18.96397257
606,Fresno,,75.73,5.51
607,Fresno,,41.36,2.98
608,Fresno,,119.62,43.61746073
609,Fresno,,47.52,0
610,Fresno,,73.09,1.080495842
611,Fresno,,69.13,10.58
612,Fresno,,100.7,0
613,Fresno,,93.94,44.72
614,Fresno,,0.66,0
615,Fresno,,0,86.70580719
616,,,0,0
617,,,0,0
618,,,0,0
619,,,0,0
620,,,0,0
621,,,0,0
622,,,0,0
623,,,0,0
624,,,0,0
625,,,0,0
626,,,0,0
627,,,0,0
628,,,0,0
629,,,0,0
630,,,0,0
631,Fresno,,0,0
632,Fresno,,0,0
633,Fresno,,14.26,2.305733718
634,Fresno,,35.78,24.55029878
635,Fresno,,2.27,0
636,Fresno,,143.58,3.171092289
637,Fresno,,0.34,13.45
638,Fresno,,147.1,20.35640877
639,Fresno,,0,0
640,Fresno,,2.75,51.04977903
641,Fresno,,52.44,23.92382315
642,Fresno,,134.31,86.46058594
643,Fresno,,16,0
644,Fresno,,101.76,244.4276027
645,Fresno,,0,0
646,Fresno,,0,45.72
647,Fresno,,0,0
648,Fresno,,0,62
649,Fresno,,16.74,12.12
650,Fresno,,6.66,13.73
651,Fresno,,26.93,11.63279952
652,Fresno,,0,0
653,Fresno,,0,8.3084735
654,Fresno,,0,0
655,Fresno,,142.44,139.4555494
656,Fresno,,0,19.53
657,Fresno,,1.43,0
658,Fresno,,0,23.74
659,Fresno,,0,113.97
660,Fresno,,4.9,27.39801348
661,Fresno,,0,33.5426195
662,Fresno,,0,50.5879364
663,Fresno,,59.96,0
664,Fresno,,0,6.09
665,Fresno,,4.25,38.38363159
666,Fresno,,0,0.15
667,Fresno,,6.29,8.53101122
668,Fresno,,0,0
669,Fresno,,4.52,11.57660866
670,Fresno,,4.27,9.72
671,Fresno,,0,75.56
672,Fresno,,0,93.81
673,Fresno,,4.15,25.82505579
674,Fresno,,0,0
675,Fresno,,4.9,202.5781058
676,Fresno,,0,0.51
677,Fresno,,0,0
678,Fresno,,0,0
679,Fresno,,0,0
680,Fresno,,0,107.28
681,Fresno,,0,0
682,Fresno,,0,12.02
683,Fresno,,19.21,64.66693207
684,Fresno,,0,0
685,Fresno,,8.96,0
686,Fresno,,0.34,3.054538923
687,Fresno,,0,38.4
688,Fresno,,63.44,319.0527864
689,Fresno,,0,42.86
690,Fresno,,7.38,1926.599891
691,Fresno,,0.66,71.95824852
692,Fresno,,0,253.2415382
693,Fresno,,0,2.54
694,Fresno,,0,0
695,Fresno,,0,0
696,Fresno,,0,0
697,Fresno,,55.73,53.32083207
698,Fresno,,21.3,0.01
699,Fresno,,15.52,1.49
700,Fresno,,25.73,11.88
701,Fresno,,0,12.98
702,Fresno,,0,7.074810932
703,Fresno,,0.67,8.09
704,Fresno,,0,23.45
705,Fresno,,0,2.85
706,Fresno,,0,34.38
707,Fresno,,0,0
708,Fresno,,6.88,1.12
709,,,0,0
710,,,0,0
711,,,0,0
712,,,0,0
713,,,0,0
714,,,0,0
715,,,0,0
716,,,0,0
717,,,0,0
718,,,0,0
719,,,0,0
720,,,0,0
721,Fresno,,2.09,0.37
722,Fresno,,0.35,20.61
723,Fresno,,0,0
724,Fresno,,0,0.43
725,Fresno,,2.8,1.12
726,Fresno,,1.04,0.35
727,Fresno,,2.08,0
728,Fresno,,1.04,0
729,Fresno,,9.67,0
730,Fresno,,0.35,13.01
731,Fresno,,1.7,0
732,Fresno,,4.17,0
733,Fresno,,0,0
734,Fresno,,0,0
735,Fresno,,0,0
736,Fresno,,17.02,0
737,Fresno,,17.67,7.311112599
738,Fresno,,9.81,16.68
739,Fresno,,53.34,43.13
740,Fresno,,2.45,0
741,Fresno,,15.57,2.97
742,Fresno,,12.81,0
743,Fresno,,129.07,25.04855602
744,Fresno,,30.11,1.29
745,Fresno,,27.08,4.08
746,Fresno,,0,0
747,Fresno,,32.52,80.31438402
748,Fresno,,191.54,27.32848777
749,Fresno,,89,29.89856967
750,Fresno,,174.47,0
751,Fresno,,29.69,39.88950356
752,Fresno,,38.88,0
753,Fresno,,48.06,0
754,Fresno,,174.02,0
755,Fresno,,219.34,36.38241122
756,Fresno,,21.45,36.9
757,Fresno,,86.87,0
758,Fresno,,1.72,0
759,Fresno,,21.42,0
760,Fresno,,0,0
761,Fresno,,1.72,17.34779077
762,Fresno,,0.35,137
763,Fresno,,57.62,141.01
764,Fresno,,15.65,2.56
765,Fresno,,112.66,10.5062114
766,Fresno,,93.05,1.564747193
767,Fresno,,6.2,0
768,Fresno,,0,0
769,Fresno,,0,31.95250404
770,Fresno,,0,0
771,Fresno,,0,0
772,Fresno,,0,0.36
773,Fresno,,3.51,55.04
774,Fresno,,18.36,3.44
775,Fresno,,154.63,0
776,Fresno,,5.89,0
777,Fresno,,1.03,0
778,Fresno,,1.03,0
779,Fresno,,0,0.01
780,Fresno,,2.08,0
781,Fresno,,7.29,1.47
782,Fresno,,10.7,1.12
783,Fresno,,63.91,0
784,Fresno,,1.37,6.218620681
785,Fresno,,0,0
786,Fresno,,0,0
787,Fresno,,36.18,0
788,Fresno,,3.4,0.1
789,Fresno,,3.79,0
790,Fresno,,4.16,0
791,,,0,0
792,,,0,0
793,,,0,0
794,,,0,0
795,,,0,0
796,,,0,0
797,,,0,0
798,,,0,0
799,,,0,0
800,,,0,0
801,Fresno,,0.35,0
802,Fresno,,2.47,0.03
803,Fresno,,3.48,0
804,Fresno,,20.13,10.37
805,Fresno,,11.45,1.12
806,Fresno,,15.02,0.93
807,Fresno,,1.03,4.74
808,Fresno,,2.42,0
809,Fresno,,3.75,0
810,Fresno,,5.45,0
811,Fresno,,9.36,0
812,Fresno,,2.05,0
813,Fresno,,0,0
814,Fresno,,0.3,0.48
815,Fresno,,5.53,1.57
816,Fresno,,3.8,0
817,Fresno,,12.38,0
818,,,0,0
819,,,0,0
820,,,0,0
821,,,0,0
822,,,0,0
823,,,0,0
824,,,0,0
825,,,0,0
826,,,0,0
827,,,0,0
828,,,0,0
829,,,0,0
830,,,0,0
831,Fresno,,0,1.14
832,Fresno,,81.87,0
833,Fresno,,181.82,0
834,Fresno,,198.65,3.819473275
835,Fresno,,237.88,5.86102513
836,Fresno,,97.57,10.08
837,Fresno,,197.26,15.28
838,Fresno,,81.3,3.27
839,Fresno,,180.52,0
840,Fresno,,1.73,140.290866
841,Fresno,,0,0
842,Fresno,,1.04,0
843,Fresno,,211.25,0
844,Fresno,,239.37,15.72902162
845,Fresno,,205.18,0
846,Fresno,,189.17,24.16118052
847,Fresno,,101.85,3
848,Fresno,,71.09,0
849,Fresno,,159.73,105.9123391
850,Fresno,,87.78,12.63
851,Fresno,,187.02,24.73555952
852,Fresno,,183.56,6.216872037
853,Fresno,,184.25,0
854,Fresno,,196.78,48.94286494
855,Fresno,,169.45,90.28578924
856,Fresno,,115.1,52.19398893
857,Fresno,,212.77,0
858,Fresno,,164.85,1.28745368
859,Fresno,,155.16,0
860,Fresno,,3.85,10.43
861,Fresno,,27.37,7.46
862,Fresno,,72.81,72.20292556
863,Fresno,,3.11,38.48
864,Fresno,,220.67,101.1199766
865,Fresno,,207.64,28.92571168
866,Fresno,,260.31,184.2661099
867,Fresno,,191.89,0
868,Fresno,,4.86,0
869,Fresno,,63.76,0
870,Fresno,,43.84,0
871,Fresno,,6.55,0
872,Fresno,,183.69,13.38325457
873,Fresno,,127.85,23.04851906
874,Fresno,,32.3,19.10565687
875,Fresno,,35.35,53.05875667
876,Fresno,,90.82,27.67445531
877,Fresno,,54.33,9.415894567
878,Fresno,,2.08,0
879,Fresno,,96.49,86.39241139
880,Fresno,,36.32,0
881,Fresno,,2.1,0
882,Fresno,,50.99,14.05435537
883,Fresno,,10.11,5.527675952
884,Fresno,,0.34,0.1
885,Fresno,,0,0.01
886,,,0,0
887,,,0,0
888,,,0,0
889,,,0,0
890,,,0,0
891,,,0,0
892,,,0,0
893,,,0,0
894,,,0,0
895,,,0,0
896,,,0,0
897,,,0,0
898,,,0,0
899,,,0,0
900,,,0,0
901,Fresno,,28.22,40.7652129
902,Fresno,,84.15,15.22109017
903,Fresno,,153.35,149.1068588
904,Fresno,,106.92,1204.572847
905,Fresno,,178.56,35.07
906,Fresno,,126.83,0
907,Fresno,,229.18,11.41
908,Fresno,,97.56,90.95526179
909,Fresno,,61.16,191.4120415
910,Fresno,,2.46,402.478875
911,Fresno,,195.08,193.1865159
912,Fresno,,129.36,0
913,Fresno,,127.14,30.55183254
914,Fresno,,16.86,0
915,Fresno,,58.14,1.28
916,Fresno,,3.21,363.7364794
917,Fresno,,218.81,108.8310243
918,Fresno,,222.86,20.68990334
919,Fresno,,103.55,64.524038
920,Fresno,,336.74,33.41956532
921,Fresno,,2.46,0
922,Fresno,,2.46,0
923,Fresno,,5.25,275.753237
924,Fresno,,224.36,0
925,Fresno,,126.56,0
926,Fresno,,162.51,27.98
927,Fresno,,28.69,0
928,Fresno,,52.9,5.19
929,Fresno,,209.82,0
930,Fresno,,0,0
931,Fresno,,0,0
932,Fresno,,2.46,0
933,Fresno,,0,197.35
934,Fresno,,2.46,0.01
935,Fresno,,2.46,10.63
936,Fresno,,15.41,2.57
937,Fresno,,19.7,1.18
938,Fresno,,46.29,24.13714261
939,Fresno,,55.02,32.90235651
940,Fresno,,0,1140.57
941,Fresno,,64.3,9.25939454
942,Fresno,,0,0
943,Fresno,,220.2,72.6693664
944,Fresno,,284.19,0
945,Fresno,,165.69,0
946,Fresno,,345.53,0
947,Fresno,,131.38,13.45
948,Fresno,,47.43,0
949,Fresno,,65.31,17.33835638
950,Fresno,,185.48,5.00431306
951,Fresno,,176.4,74.02981408
952,Fresno,,166.55,0
953,Fresno,,159.56,6.34
954,Fresno,,31.57,1.49
955,Fresno,,0,0
956,Fresno,,91.15,2.98
957,Fresno,,62.06,4.81
958,,,0,0
959,,,0,0
960,,,0,0
961,,,0,0
962,,,0,0
963,,,0,0
964,,,0,0
965,,,0,0
966,,,0,0
967,,,0,0
968,,,0,0
969,,,0,0
970,,,0,0
971,Fresno,,193.67,250.9782051
972,Fresno,,33.16,46.952865
973,Fresno,,136.32,0
974,Fresno,,184.01,35.50946354
975,Fresno,,232.38,36.71680166
976,Fresno,,15.59,145.55
977,Fresno,,2.75,2.8
978,Fresno,,0.69,25.56475178
979,Fresno,,264.94,0
980,Fresno,,53.94,167.4167401
981,Fresno,,51.98,0
982,Fresno,,154.27,46.07870495
983,Fresno,,235.65,160.4913077
984,Fresno,,192.23,76.09001358
985,Fresno,,127.72,0
986,Fresno,,111.92,10.67
987,Fresno,,98.75,43.1024228
988,Fresno,,2.07,0
989,Fresno,,0,1.19
990,Fresno,,0,0
991,Fresno,,0.33,8.46
992,Fresno,,84.64,34.9273641
993,Fresno,,44.29,4.87
994,Fresno,,156.87,456.5627567
995,Fresno,,206,132.5466461
996,Fresno,,94.67,0
997,Fresno,,65.6,34.07
998,Fresno,,36.52,4.9
999,Fresno,,259.32,13.43
1000,Fresno,,58.48,3.435022436
1001,Fresno,,2.81,49.98193456
1002,Fresno,,0,0
1003,Fresno,,0,0.01
1004,Fresno,,87.72,18.85615482
1005,Fresno,,9.96,11.43
1006,Fresno,,238.75,92.92
1007,Fresno,,275.34,58.2
1008,Fresno,,177.96,30.07
1009,Fresno,,68.12,0
1010,Fresno,,77.16,2.392973377
1011,Fresno,,151.41,0
1012,Fresno,,175.81,85.51
1013,Fresno,,9.45,353.7027031
1014,Fresno,,155.8,9.47
1015,Fresno,,84.72,10.97
1016,Fresno,,60.26,2.65
1017,Fresno,,58.86,0.33
1018,Fresno,,0,3.01
1019,Fresno,,0,0
1020,Fresno,,195.15,1.51
1021,Fresno,,1.04,0
1022,Fresno,,1.4,0
1023,Fresno,,0,13.35
1024,Fresno,,110.42,12
1025,Fresno,,4.58,0
1026,Fresno,,0.33,0
1027,Fresno,,0.33,0
1028,Fresno,,3.86,0
1029,Fresno,,9.79,4.8
1030,Fresno,,0,42.37
1031,Fresno,,0,0.01
1032,Fresno,,0.33,3
1033,Fresno,,2.42,0.04
1034,Fresno,,10.52,0.13
1035,Fresno,,0.33,0
1036,Fresno,,1.75,0.03
1037,Fresno,,0.68,0.26
1038,Fresno,,1.39,3.42
1039,Fresno,,2.41,0
1040,Fresno,,1.04,0
1041,Fresno,,0.33,0
1042,Fresno,,14.03,0
1043,,,0,0
1044,,,0,0
1045,,,0,0
1046,,,0,0
1047,,,0,0
1048,,,0,0
1049,,,0,0
1050,,,0,0
1051,,,0,0
1052,,,0,0
1053,,,0,0
1054,,,0,0
1055,,,0,0
1056,,,0,0
1057,,,0,0
1058,,,0,0
1059,,,0,0
1060,,,0,0
1061,Fresno,,43.14,11.92478006
1062,Fresno,,138,25.16137359
1063,Fresno,,211.57,40.01121269
1064,Fresno,,92.42,0
1065,Fresno,,7.58,0
1066,Fresno,,53.56,0
1067,Fresno,,158.37,0
1068,Fresno,,282.18,0
1069,Fresno,,45.71,0
1070,Fresno,,0.33,0
1071,Fresno,,3.79,1.47029027
1072,Fresno,,97.84,24.431584
1073,Fresno,,34.35,7.5
1074,Fresno,,25.89,14.13
1075,Fresno,,18.44,0
1076,Fresno,,4.83,3.01
1077,Fresno,,40.33,12.98251476
1078,Fresno,,22.31,0
1079,Fresno,,172.76,21.35
1080,Fresno,,83.98,3.74329216
1081,Fresno,,0.33,0
1082,Fresno,,13.79,11.29080524
1083,Fresno,,124.24,10.51695408
1084,Fresno,,94.58,0
1085,Fresno,,71.08,0
1086,Fresno,,54.96,40.66
1087,Fresno,,35.31,0
1088,Fresno,,27.85,1.41453444
1089,Fresno,,29.28,2.98
1090,Fresno,,71.23,64.51
1091,Fresno,,87.29,240.0524586
1092,Fresno,,183.58,23.16877632
1093,Fresno,,215.33,61.51975587
1094,Fresno,,187.33,27.34667524
1095,Fresno,,167.71,13.42836377
1096,Fresno,,128.76,5.648452061
1097,Fresno,,100.23,12.03
1098,Fresno,,104.52,0
1099,Fresno,,96.08,0
1100,Fresno,,12.13,0
1101,Fresno,,62.37,1.5
1102,Fresno,,129.7,3.03
1103,Fresno,,33.23,1.12
1104,Fresno,,0,0.74
1105,Fresno,,0,0
1106,Fresno,,4.23,0
1107,Fresno,,100.22,36.83
1108,Fresno,,39.77,4.63
1109,Fresno,,51.9,0
1110,Fresno,,62.84,0
1111,Fresno,,82.05,0.777949006
1112,Fresno,,94.04,26.81002734
1113,Fresno,,92.91,11.18633548
1114,Fresno,,294.57,3.386553085
1115,Fresno,,152.73,67.82745368
1116,Fresno,,128.83,0
1117,Fresno,,104.02,68.62987963
1118,Fresno,,175,0
1119,Fresno,,204.54,0
1120,Fresno,,257.07,0
1121,Fresno,,21.5,0
1122,Fresno,,40.9,0
1123,Fresno,,38.36,2.61
1124,Fresno,,0,7.12
1125,Fresno,,0.34,0
1126,Fresno,,38.22,1.12
1127,Fresno,,97.11,8.23
1128,Fresno,,0.72,65.47
1129,Fresno,,1.75,0
1130,Fresno,,0,0
1131,Fresno,,24.48,6.36
1132,Fresno,,10.34,1.85
1133,Fresno,,147.95,50.970912
1134,Fresno,,178.15,43.28753889
1135,Fresno,,84,90.93152665
1136,Fresno,,162.81,0
1137,Fresno,,33.67,0
1138,Fresno,,244.63,113.47
1139,Fresno,,140.14,0
1140,Fresno,,27.79,0
1141,Fresno,,0,0
1142,Fresno,,42.22,0
1143,Fresno,,6.28,17.22202164
1144,Fresno,,70.1,10.8
1145,Fresno,,72.93,6.19
1146,Fresno,,78.97,0
1147,Fresno,,121.07,92.89
1148,Fresno,,0,0
1149,Fresno,,0,8
1150,Fresno,,3.74,0
1151,Fresno,,3.06,1.93
1152,Fresno,,2.07,0
1153,Fresno,,141.05,0
1154,Fresno,,156.01,0
1155,Fresno,,158.93,26.11778102
1156,Fresno,,217.07,22.7
1157,Fresno,,251.52,119.93
1158,Fresno,,75.96,7.52
1159,Fresno,,67.7,6.68
1160,Fresno,,35.24,3.11
1161,Fresno,,25.8,24.52
1162,Fresno,,41.44,0
1163,Fresno,,83.77,4.37
1164,Fresno,,151.5,2.09
1165,Fresno,,6.25,0
1166,Fresno,,0,0
1167,Fresno,,6.22,0
1168,Fresno,,27.31,0
1169,Fresno,,149.2,4.11183254
1170,Fresno,,13.28,0
1171,Fresno,,87,6.98
1172,Fresno,,159,17.05
1173,Fresno,,81.55,1.16
1174,Fresno,,117.68,11.18
1175,Fresno,,75.6,6.99
1176,Fresno,,6.64,0.04
1177,Fresno,,0,0.37
1178,Fresno,,0,0
1179,Fresno,,147.86,30.3873933
1180,Fresno,,178.2,5.194822619
1181,Fresno,,194.75,8.67139786
1182,Fresno,,101.71,0
1183,Fresno,,3.83,0
1184,Fresno,,153.74,0
1185,Fresno,,0,4.69
1186,Fresno,,129.48,24.95
1187,Fresno,,184.5,4.63
1188,Fresno,,0.68,96
1189,Fresno,,1.75,12.53204988
1190,Fresno,,0,0
1191,Fresno,,0.34,24.26497834
1192,Fresno,,47.93,0
1193,Fresno,,0,0
1194,Fresno,,0,0
1195,Fresno,,0.68,0
1196,Fresno,,0.34,0
1197,Fresno,,0,0
1198,Fresno,,0,0
1199,Fresno,,1.04,0
1200,Fresno,,4.92,0
1201,Fresno,,3.6,0
1202,Fresno,,3.79,0
1203,Fresno,,3.47,0
1204,Fresno,,3.46,36.89701183
1205,Fresno,,0,0
1206,Fresno,,0.34,0
1207,Fresno,,0,16.01
1208,Unincorporate,,0,8.059316139
1209,Fresno,,1.34,47.47051456
1210,Fresno,,1.03,30
1211,Fresno,,0,0.89
1212,Fresno,,6.96,1.37
1213,Fresno,,0.34,0
1214,Fresno,,0,33
1215,Fresno,,4.89,0.37
1216,Fresno,,4.5,0
1217,,,0,0
1218,,,0,0
1219,,,0,0
1220,,,0,0
1221,,,0,0
1222,,,0,0
1223,,,0,0
1224,,,0,0
1225,,,0,0
1226,,,0,0
1227,,,0,0
1228,,,0,0
1229,,,0,0
1230,,,0,0
1231,Fresno,,0,0
1232,Fresno,,0.76,0.13
1233,Fresno,,0.36,0.26
1234,Fresno,,3.13,1
1235,Fresno,,4.24,0.31
1236,Fresno,,2.1,38
1237,Fresno,,2.79,78.4
1238,Fresno,,0,0
1239,Fresno,,0,0
1240,Fresno,,2.1,0.64
1241,Fresno,,0.69,0.03
1242,Fresno,,3.89,0
1243,Fresno,,0.36,0.046162661
1244,Fresno,,3.95,74.83
1245,Fresno,,4.6,4.44E-16
1246,Fresno,,12.61,0.34
1247,Fresno,,9.41,0.7
1248,Fresno,,7.3,0.74
1249,Fresno,,8.72,0
1250,Fresno,,11.93,3.97
1251,Fresno,,4.21,0.74
1252,Fresno,,10.55,6.67
1253,Fresno,,10.85,0
1254,Fresno,,11.5,0.67
1255,Fresno,,10.48,0
1256,Fresno,,12.5,14.78
1257,Fresno,,15.68,1.53
1258,Fresno,,9.09,0.63
1259,Fresno,,7.64,1
1260,Fresno,,0.36,0
1261,Fresno,,0.69,0
1262,Fresno,,2.41,0.74
1263,Fresno,,1.03,0
1264,Fresno,,1.36,0
1265,Fresno,,0.68,2.01
1266,Fresno,,1.33,0
1267,Fresno,,0.36,0.01
1268,Fresno,,1.36,0
1269,Fresno,,2.45,0
1270,Fresno,,1.36,0
1271,Fresno,,1.75,8.88E-16
1272,Fresno,,1.05,0.37
1273,Fresno,,0.36,0.37
1274,Fresno,,1.35,0
1275,Fresno,,4.17,0
1276,Fresno,,2.78,0
1277,Fresno,,3.51,1.03
1278,Fresno,,0.69,0
1279,Fresno,,0,0.01
1280,Fresno,,0.68,1.37
1281,Fresno,,0.36,0
1282,Fresno,,3.11,6
1283,Fresno,,0.34,0
1284,Fresno,,1.34,0
1285,Fresno,,0.68,0
1286,Fresno,,0,5.64
1287,Fresno,,0.68,0
1288,Fresno,,0.69,1.78E-15
1289,Fresno,,2.13,1.78E-15
1290,Fresno,,3.47,0
1291,Fresno,,2.45,0
1292,Fresno,,0,4.44E-16
1293,Fresno,,0,0.01
1294,Fresno,,0,0
1295,Fresno,,0.35,0
1296,Fresno,,1.04,0
1297,Fresno,,2.44,1.6
1298,Fresno,,1.36,0
1299,,,0,0
1300,,,0,0
1301,,,0,0
1302,,,0,0
1303,,,0,0
1304,,,0,0
1305,,,0,0
1306,,,0,0
1307,,,0,0
1308,,,0,0
1309,,,0,0
1310,,,0,0
1311,Fresno,,0,64.59
1312,Fresno,,0,16.09
1313,Fresno,,19.94,0.59
1314,Fresno,,0,0
1315,Fresno,,117.69,10.42
1316,Fresno,,5.1,0.02
1317,Fresno,,43.14,5.77
1318,Fresno,,0.31,0
1319,Fresno,,1.7,166
1320,Fresno,,0.68,0
1321,Fresno,,65.55,13.59
1322,Fresno,,3.5,0
1323,Fresno,,21.37,0
1324,Fresno,,8.69,21.43778297
1325,Fresno,,102.22,0
1326,Fresno,,4.54,6.25
1327,Fresno,,53.04,0
1328,Fresno,,3.82,35.46895612
1329,Fresno,,2.44,3.731784232
1330,Fresno,,166.26,14.2
1331,Fresno,,169.68,10.45
1332,Fresno,,271.76,63.95152228
1333,Fresno,,0,71.25806687
1334,Fresno,,0,0.3
1335,Fresno,,105.2,0
1336,Fresno,,64.92,0
1337,Fresno,,30.12,0
1338,Fresno,,0,0
1339,Fresno,,49.52,2.7
1340,Fresno,,90.59,2.04
1341,Fresno,,95.84,21.91
1342,Fresno,,22.84,1.23
1343,Fresno,,121.76,43.08
1344,Fresno,,154.95,0
1345,Fresno,,37.37,0
1346,Fresno,,5.63,0.26
1347,Fresno,,118.75,1.41
1348,Fresno,,167.12,13.1
1349,Fresno,,198.69,19.32
1350,Fresno,,176.41,11.98475178
1351,Fresno,,131.66,0
1352,Fresno,,44.22,0
1353,Fresno,,38.55,0
1354,Fresno,,61.1,3.76
1355,Fresno,,148.49,0
1356,Fresno,,107.41,46.34102494
1357,Fresno,,57.82,4.66
1358,Fresno,,52.96,5.76
1359,Fresno,,119.15,40.39235955
1360,Fresno,,1.04,11.34
1361,Fresno,,88.61,11.62
1362,Fresno,,0,4.4
1363,Fresno,,80.69,12.9
1364,Fresno,,10.16,1.49
1365,Fresno,,29.3,2.55
1366,Fresno,,72.3,9.8
1367,Fresno,,35.33,0
1368,Fresno,,5.19,37.99993267
1369,Fresno,,1.43,0
1370,Fresno,,19.04,0
1371,Fresno,,66.68,0
1372,Fresno,,45.93,0
1373,Fresno,,0,39.15388079
1374,Fresno,,0.66,0.36
1375,Fresno,,0,0
1376,Fresno,,7.95,4.78
1377,Fresno,,15.39,20.49
1378,Fresno,,52.4,72.54236897
1379,Fresno,,0,0
1380,,,0,0
1381,,,0,0
1382,,,0,0
1383,,,0,0
1384,,,0,0
1385,,,0,0
1386,,,0,0
1387,,,0,0
1388,,,0,0
1389,,,0,0
1390,,,0,0
1391,Fresno,,5.65,3.63
1392,Fresno,,12.25,0
1393,Fresno,,0,1.39
1394,Fresno,,0,0.12
1395,Fresno,,16.06,1.95
1396,Fresno,,0,0
1397,Fresno,,36.79,0.46
1398,Fresno,,4.07,0.34
1399,Fresno,,0.67,0
1400,Fresno,,0,0
1401,Fresno,,0,0.8
1402,Fresno,,0.35,0
1403,Fresno,,8.95,0
1404,Fresno,,4.44,0
1405,Fresno,,0,0
1406,Fresno,,8.74,1.48
1407,Fresno,,6.61,20.01
1408,Fresno,,7.35,2.42
1409,Fresno,,4.25,0.73
1410,Fresno,,15.91,1.33
1411,Fresno,,14.47,1.39
1412,Fresno,,6.02,4.12
1413,Fresno,,4.23,4.44E-16
1414,Fresno,,4.97,0.74
1415,Fresno,,8.18,2.29
1416,Fresno,,8.39,0.62
1417,Fresno,,4.25,0.67
1418,Fresno,,8.44,0
1419,Fresno,,28.34,2
1420,Fresno,,19.53,2.07
1421,Fresno,,7.33,0
1422,Fresno,,5.94,0
1423,,,0,0
1424,,,0,0
1425,,,0,0
1426,,,0,0
1427,,,0,0
1428,,,0,0
1429,,,0,0
1430,,,0,0
1431,,,0,0
1432,,,0,0
1433,,,0,0
1434,,,0,0
1435,,,0,0
1436,,,0,0
1437,,,0,0
1438,,,0,0
1439,,,0,0
1440,,,0,0
1441,Fresno,,2.41,2.11
1442,Fresno,,177.08,30.75
1443,Fresno,,174.03,11.77
1444,Fresno,,54.37,1.54
1445,Fresno,,9.09,0
1446,Fresno,,58.7,6.12
1447,Fresno,,124.75,2.55329216
1448,Fresno,,51.31,6.58
1449,Fresno,,3.68,0
1450,Fresno,,41.53,0.96
1451,Fresno,,7.11,26.16
1452,Fresno,,55.45,7.54
1453,Fresno,,138.37,22.27
1454,Fresno,,185.24,30.04217844
1455,Fresno,,0,0
1456,Fresno,,0,0
1457,Fresno,,18.81,100.377019
1458,Fresno,,272.6,4.733460959
1459,Fresno,,143.98,96.15
1460,Fresno,,161.97,0
1461,Fresno,,197.35,0
1462,Fresno,,168.03,15.3275912
1463,Fresno,,112.01,2.65
1464,Fresno,,26.2,18.06
1465,Fresno,,162.05,9.12
1466,Fresno,,190.91,0
1467,Fresno,,138.53,11.72
1468,Fresno,,0,0
1469,Fresno,,0,80.34522262
1470,Fresno,,0,38.83620731
1471,Fresno,,0,0
1472,Fresno,,0,57
1473,Fresno,,120,6.67
1474,Fresno,,24.38,5.43
1475,Fresno,,49.17,6.747857082
1476,Fresno,,206.75,3.78
1477,Fresno,,155.74,46.31
1478,Fresno,,136.22,11.79
1479,Fresno,,0,23
1480,Fresno,,141.34,6
1481,Fresno,,178.61,50.25496912
1482,Fresno,,239.62,112.7
1483,Fresno,,127.91,90.29
1484,Fresno,,123.71,0
1485,Fresno,,161.86,22.07
1486,Fresno,,0.38,521.69
1487,Fresno,,1,213.56
1488,Fresno,,0,80.61334923
1489,Fresno,,48.69,2.980978542
1490,Fresno,,307.66,111.2895732
1491,Fresno,,86.27,20.88279572
1492,Fresno,,183.15,0
1493,Fresno,,185.54,10.75
1494,Fresno,,146.59,15.267019
1495,Fresno,,116.59,2.62
1496,Fresno,,1.41,198.05
1497,Fresno,,3.49,66.20239187
1498,Fresno,,17.37,353.0541689
1499,Fresno,,78.38,8.19
1500,Fresno,,121.82,171.8437021
1501,Fresno,,5.97,387.6595905
1502,Fresno,,216.62,0
1503,Fresno,,222.48,268.6749138
1504,Fresno,,0,163.2
1505,,,0,0
1506,,,0,0
1507,,,0,0
1508,,,0,0
1509,,,0,0
1510,,,0,0
1511,,,0,0
1512,,,0,0
1513,,,0,0
1514,,,0,0
1515,,,0,0
1516,,,0,0
1517,,,0,0
1518,,,0,0
1519,,,0,0
1520,,,0,0
1521,Fresno,,0,0.01
1522,Fresno,,0,0
1523,Fresno,,107.74,0.38
1524,Fresno,,0,3.99
1525,Fresno,,0.31,17
1526,Fresno,,0.31,0
1527,Fresno,,0.31,0.01
1528,Fresno,,1.43,0
1529,,,0,0
1530,,,0,0
1531,Unincorporate,,1.72,0
1532,,,0,0
1533,,,0,0
1534,,,0,0
1535,,,0,0
1536,,,0,0
1537,,,0,0
1538,,,0,0
1539,,,0,0
1540,,,0,0
1541,Huron,,36.99,0.26
1542,Huron,,4.58,1.93
1543,Huron,,80.67,0
1544,Huron,,0,0
1545,Huron,,99.59,12
1546,Huron,,12.97,2.62
1547,Huron,,25.55,2.88
1548,Huron,,25.53,1.49
1549,Huron,,66.72,31.37
1550,Huron,,0,0
1551,Unincorporate,,0,0
1552,,,0,0
1553,,,0,0
1554,,,0,0
1555,,,0,0
1556,,,0,0
1557,,,0,0
1558,,,0,0
1559,,,0,0
1560,,,0,0
1561,Huron,,0.3,5
1562,Huron,,0,0
1563,Huron,,0,0
1564,,,0,0
1565,,,0,0
1566,,,0,0
1567,,,0,0
1568,,,0,0
1569,,,0,0
1570,,,0,0
1571,,,0,0
1572,,,0,0
1573,,,0,0
1574,,,0,0
1575,,,0,0
1576,,,0,0
1577,,,0,0
1578,,,0,0
1579,,,0,0
1580,,,0,0
1581,Kerman,,1.38,0
1582,Kerman,,2.42,87.021503
1583,Kerman,,22.93,15.48
1584,Kerman,,103.33,0
1585,Kerman,,147.85,102.084724
1586,Kerman,,0,109.148696
1587,Kerman,,134.34,12.28
1588,Kerman,,109.65,0
1589,Kerman,,133.41,0
1590,Kerman,,192.16,8.27
1591,Kerman,,3.15,0
1592,Kerman,,1.74,0
1593,Kerman,,4.12,3
1594,Kerman,,0,0
1595,,,0,0
1596,,,0,0
1597,,,0,0
1598,,,0,0
1599,,,0,0
1600,,,0,0
1601,,,0,0
1602,,,0,0
1603,,,0,0
1604,,,0,0
1605,,,0,0
1606,,,0,0
1607,,,0,0
1608,,,0,0
1609,,,0,0
1610,,,0,0
1611,Kerman,,0,40
1612,Kerman,,1.37,0
1613,Unincorporate,,0,0
1614,Kerman,,0.3,0
1615,Kerman,,0.7,0
1616,Kerman,,1.74,0
1617,Kerman,,1.01,0.37
1618,,,0,0
1619,,,0,0
1620,,,0,0
1621,,,0,0
1622,,,0,0
1623,,,0,0
1624,,,0,0
1625,,,0,0
1626,,,0,0
1627,,,0,0
1628,,,0,0
1629,,,0,0
1630,,,0,0
1631,Kingsburg,,1.37,0
1632,Kingsburg,,48.24,35.48
1633,Kingsburg,,89.34,37.94
1634,Kingsburg,,96.05,4.63
1635,Kingsburg,,2.08,56.06
1636,Kingsburg,,0,0.982357082
1637,Kingsburg,,3.49,2.36970849
1638,Kingsburg,,127.61,0
1639,Kingsburg,,42.4,12.63
1640,Kingsburg,,76.74,0
1641,Kingsburg,,165.4,0
1642,Kingsburg,,91.58,51.2
1643,Kingsburg,,65.68,0
1644,Kingsburg,,3.53,2.16
1645,Kingsburg,,26.65,0
1646,Kingsburg,,62.03,0
1647,Kingsburg,,31.32,5.46
1648,Kingsburg,,54.97,0.52
1649,Kingsburg,,77.83,5.99
1650,,,0,0
1651,,,0,0
1652,,,0,0
1653,,,0,0
1654,,,0,0
1655,,,0,0
1656,,,0,0
1657,,,0,0
1658,,,0,0
1659,,,0,0
1660,,,0,0
1661,Kingsburg,,0.3,1.69
1662,Kingsburg,,0.3,1.92
1663,Kingsburg,,0,0
1664,Kingsburg,,4.52,0
1665,Kingsburg,,39.31,1.67
1666,Kingsburg,,24.25,0
1667,Kingsburg,,2.08,0
1668,,,0,0
1669,,,0,0
1670,,,0,0
1671,,,0,0
1672,,,0,0
1673,,,0,0
1674,,,0,0
1675,,,0,0
1676,,,0,0
1677,,,0,0
1678,,,0,0
1679,,,0,0
1680,,,0,0
1681,Mendota,,163.52,111.1
1682,Mendota,,107.04,11.50248456
1683,Mendota,,26.04,37.24
1684,Mendota,,147.59,7.95
1685,Mendota,,11.89,0.37
1686,Mendota,,71.94,41.63388242
1687,Mendota,,63.2,16.96
1688,Mendota,,110.02,0
1689,Mendota,,0,0
1690,Mendota,,1.74,13.08542501
1691,Mendota,,0,57.84
1692,Mendota,,0,0
1693,,,0,0
1694,,,0,0
1695,,,0,0
1696,,,0,0
1697,,,0,0
1698,,,0,0
1699,,,0,0
1700,,,0,0
1701,Mendota,,0,61.73416152
1702,Mendota,,0,0
1703,,,0,0
1704,,,0,0
1705,,,0,0
1706,,,0,0
1707,,,0,0
1708,,,0,0
1709,,,0,0
1710,,,0,0
1711,,,0,0
1712,,,0,0
1713,,,0,0
1714,,,0,0
1715,,,0,0
1716,,,0,0
1717,,,0,0
1718,,,0,0
1719,,,0,0
1720,,,0,0
1721,Orange Cove,,72.2,1.844593848
1722,Orange Cove,,79.91,5.45934798
1723,Orange Cove,,38.9,3.33226722
1724,Orange Cove,,0.68,43.22
1725,Orange Cove,,26.2,0
1726,Orange Cove,,39.09,1.783689374
1727,Orange Cove,,145.76,118.26
1728,Orange Cove,,94.31,33.76588943
1729,Orange Cove,,73.94,195.2869007
1730,Orange Cove,,62.42,0
1731,Orange Cove,,167.14,4.52767102
1732,Unincorporate,,2.37,0
1733,,,0,0
1734,,,0,0
1735,,,0,0
1736,,,0,0
1737,,,0,0
1738,,,0,0
1739,,,0,0
1740,,,0,0
1741,Orange Cove,,0,0
1742,Orange Cove,,2.38,170
1743,Orange Cove,,91.37,4.7289133
1744,Orange Cove,,0.67,1.78E-15
1745,,,0,0
1746,,,0,0
1747,,,0,0
1748,,,0,0
1749,,,0,0
1750,,,0,0
1751,Parlier,,116.09,9.061371573
1752,Parlier,,69.29,0
1753,Parlier,,31.17,0.37
1754,Parlier,,212.52,47.23011497
1755,Parlier,,180.21,0
1756,Parlier,,159.64,30.16
1757,Parlier,,119.32,50.08620865
1758,Parlier,,10.4,0
1759,Parlier,,0.69,0
1760,,,0,0
1761,,,0,0
1762,,,0,0
1763,,,0,0
1764,,,0,0
1765,,,0,0
1766,,,0,0
1767,,,0,0
1768,,,0,0
1769,,,0,0
1770,,,0,0
1771,Parlier,,0,0
1772,Parlier,,36.75,0.13
1773,Parlier,,0,0
1774,Parlier,,4.34,0
1775,Parlier,,1.66,160.2050506
1776,Parlier,,42.16,0
1777,Parlier,,1.05,8.88E-16
1778,Parlier,,0.36,0
1779,Unincorporate,,1.05,0
1780,Unincorporate,,0.69,0
1781,,,0,0
1782,,,0,0
1783,,,0,0
1784,,,0,0
1785,,,0,0
1786,,,0,0
1787,,,0,0
1788,,,0,0
1789,,,0,0
1790,,,0,0
1791,Reedley,,53.27,16.33
1792,Reedley,,84.1,6.4
1793,Reedley,,0,24.62956532
1794,Reedley,,70.65,1.14
1795,Reedley,,71.5,201.62
1796,Reedley,,97.85,3.54767102
1797,Reedley,,170.48,131.6844983
1798,Reedley,,114.16,24.31544619
1799,Reedley,,0,1.86813413
1800,Reedley,,24.88,0
1801,Reedley,,37.14,5.3208076
1802,Reedley,,19.02,1.62
1803,Reedley,,79.85,68.33
1804,Reedley,,91.78,47.88518646
1805,Reedley,,77.49,0
1806,Reedley,,145.96,0
1807,Reedley,,99.1,52.93
1808,Reedley,,94.66,6.32
1809,Reedley,,90.49,18.78793694
1810,Reedley,,0.36,2.682192586
1811,Reedley,,29.74,1.12
1812,Reedley,,0.69,0.05
1813,Reedley,,112.03,0
1814,Reedley,,95.52,81.33
1815,Reedley,,57.91,200.6
1816,Reedley,,3.48,0
1817,Reedley,,2.08,44.0687221
1818,Unincorporate,,60.8,5.839278973
1819,,,0,0
1820,,,0,0
1821,,,0,0
1822,,,0,0
1823,,,0,0
1824,,,0,0
1825,,,0,0
1826,,,0,0
1827,,,0,0
1828,,,0,0
1829,,,0,0
1830,,,0,0
1831,Reedley,,0,0
1832,Reedley,,0.36,1
1833,Reedley,,1.05,0
1834,Reedley,,11.27,0
1835,Reedley,,4.2,0
1836,,,0,0
1837,,,0,0
1838,,,0,0
1839,,,0,0
1840,,,0,0
1841,,,0,0
1842,,,0,0
1843,,,0,0
1844,,,0,0
1845,,,0,0
1846,,,0,0
1847,,,0,0
1848,,,0,0
1849,,,0,0
1850,,,0,0
1851,Sanger,,20.6,41.12
1852,Sanger,,173.92,4.15
1853,Sanger,,0.36,0
1854,Sanger,,66.84,11.95
1855,Sanger,,53.28,6.03
1856,Sanger,,195.82,1.49
1857,Sanger,,0,0
1858,Sanger,,41.79,71.60326555
1859,Sanger,,136.82,83.17727893
1860,Sanger,,17.76,13.91
1861,Sanger,,54.33,5.96
1862,Sanger,,19.25,0
1863,Sanger,,81.21,199.6
1864,Sanger,,64.01,6.558218267
1865,Sanger,,81.67,37.57244576
1866,Sanger,,44.77,0
1867,Sanger,,98.39,0
1868,Sanger,,80.01,0
1869,Sanger,,49.31,0
1870,Sanger,,50.16,2.61
1871,Sanger,,0,0
1872,Sanger,,75.26,0
1873,Sanger,,48.02,2.61
1874,Sanger,,125.89,34.5463699
1875,Sanger,,65.2,0
1876,Sanger,,80.51,7.07
1877,Sanger,,0,0
1878,Sanger,,0,102.7825819
1879,Sanger,,0,0
1880,Sanger,,2.41,0.79
1881,,,0,0
1882,,,0,0
1883,,,0,0
1884,,,0,0
1885,,,0,0
1886,,,0,0
1887,,,0,0
1888,,,0,0
1889,,,0,0
1890,,,0,0
1891,Sanger,,1.71,0
1892,Sanger,,0.69,0
1893,Sanger,,1.05,1.35
1894,Sanger,,3.49,4.78372684
1895,Sanger,,2.42,0
1896,Sanger,,3.16,1.583031049
1897,Sanger,,3.51,0.37
1898,Sanger,,4.15,0
1899,Sanger,,13.54,1.49
1900,Sanger,,4.92,0
1901,Sanger,,0,0
1902,Sanger,,1.05,0
1903,Sanger,,1.05,0
1904,Sanger,,1.38,0
1905,Sanger,,1.71,0
1906,Sanger,,4.48,0
1907,Sanger,,77.65,3.35
1908,Sanger,,0,0
1909,,,0,0
1910,,,0,0
1911,,,0,0
1912,,,0,0
1913,,,0,0
1914,,,0,0
1915,,,0,0
1916,,,0,0
1917,,,0,0
1918,,,0,0
1919,,,0,0
1920,,,0,0
1921,San Joaquin,,98.67,218.5563373
1922,San Joaquin,,35.78,51.64
1923,San Joaquin,,3.37,11
1924,San Joaquin,,46.96,123.13
1925,San Joaquin,,47.73,4.41
1926,San Joaquin,,0.31,9
1927,Unincorporate,,4.43,36.52
1928,,,0,0
1929,,,0,0
1930,,,0,0
1931,,,0,0
1932,,,0,0
1933,,,0,0
1934,,,0,0
1935,,,0,0
1936,,,0,0
1937,,,0,0
1938,,,0,0
1939,,,0,0
1940,,,0,0
1941,San Joaquin,,0.3,0
1942,San Joaquin,,0,0.65
1943,,,0,0
1944,,,0,0
1945,,,0,0
1946,,,0,0
1947,,,0,0
1948,,,0,0
1949,,,0,0
1950,,,0,0
1951,Selma,,9.09,0
1952,Selma,,75.17,6.2
1953,Selma,,1.02,88.99
1954,Selma,,66.09,5.28
1955,Selma,,5.94,73.4
1956,Selma,,138.86,18.16
1957,Selma,,104.26,3.28
1958,Selma,,144.38,0
1959,Selma,,96.13,15.49699982
1960,Selma,,7.51,0
1961,Selma,,252.56,19.28680166
1962,Selma,,97.06,0
1963,Selma,,5.85,227.92
1964,Selma,,25.31,93.26
1965,Selma,,33.2,86.53061415
1966,Selma,,0,0
1967,Selma,,163.49,99.73718442
1968,Selma,,122.94,8.27409976
1969,Selma,,28.29,9.32
1970,Selma,,124.47,0
1971,Selma,,31.63,3.83
1972,Selma,,44.45,11.70439038
1973,Selma,,77.07,0.265092139
1974,Selma,,25.15,0
1975,Selma,,17.8,0
1976,Selma,,108.7,32.03775431
1977,Selma,,0,1.59
1978,Selma,,32.8,0
1979,Selma,,0,0
1980,,,0,0
1981,,,0,0
1982,,,0,0
1983,,,0,0
1984,,,0,0
1985,,,0,0
1986,,,0,0
1987,,,0,0
1988,,,0,0
1989,,,0,0
1990,,,0,0
1991,Selma,,0.3,0
1992,Selma,,0.7,0
1993,Selma,,14.56,0
1994,Selma,,18.36,0
1995,Selma,,16.57,1.14
1996,Selma,,3.04,0.958404576
1997,Selma,,2.04,0
1998,Selma,,2.38,0.01
1999,Selma,,1.01,3.52
2000,Selma,,2.75,180.9087837
2001,Selma,,3.11,0
2002,Selma,,2.04,0
2003,Selma,,1.74,0
2004,,,0,0
2005,,,0,0
2006,,,0,0
2007,,,0,0
2008,,,0,0
2009,,,0,0
2010,,,0,0
2011,,,0,0
2012,,,0,0
2013,,,0,0
2014,,,0,0
2015,,,0,0
2016,,,0,0
2017,,,0,0
2018,,,0,0
2019,,,0,0
2020,Unincorporate,Auberry,102.91,55.60102494
2021,Unincorporate,Auberry,82.97,0
2022,,,0,0
2023,,,0,0
2024,,,0,0
2025,,,0,0
2026,,,0,0
2027,,,0,0
2028,,,0,0
2029,,,0,0
2030,,,0,0
2031,Unincorporate,Biola,79.72,0
2032,Unincorporate,Biola,6.52,20
2033,Unincorporate,Biola,18.07,0
2034,,,0,0
2035,,,0,0
2036,,,0,0
2037,,,0,0
2038,,,0,0
2039,,,0,0
2040,,,0,0
2041,Unincorporate,Bowles,8.35,2.50E-11
2042,Unincorporate,Bowles,53.68,13.75934798
2043,,,0,0
2044,,,0,0
2045,,,0,0
2046,,,0,0
2047,,,0,0
2048,,,0,0
2049,,,0,0
2050,,,0,0
2051,Unincorporate,Malaga,67.2,1.47518646
2052,,,0,0
2053,,,0,0
2054,,,0,0
2055,,,0,0
2056,,,0,0
2057,,,0,0
2058,,,0,0
2059,,,0,0
2060,,,0,0
2061,Unincorporate,Cantua Creek,12.63,0
2062,Unincorporate,Cantua Creek,4.61,0
2063,,,0,0
2064,,,0,0
2065,,,0,0
2066,,,0,0
2067,,,0,0
2068,,,0,0
2069,,,0,0
2070,,,0,0
2071,Unincorporate,Caruthers,21.26,0.62
2072,Unincorporate,Caruthers,25.15,0
2073,Unincorporate,Caruthers,63.78,0
2074,Unincorporate,Caruthers,18.57,0
2075,,,0,0
2076,,,0,0
2077,,,0,0
2078,,,0,0
2079,,,0,0
2080,,,0,0
2081,Unincorporate,Del Rey,41.77,0
2082,Unincorporate,Del Rey,64,2.62
2083,Unincorporate,Del Rey,0.36,53.26
2084,,,0,0
2085,,,0,0
2086,,,0,0
2087,,,0,0
2088,,,0,0
2089,,,0,0
2090,,,0,0
2091,Unincorporate,Easton,14.47,0
2092,Unincorporate,Easton,35.84,0
2093,Unincorporate,Easton,30.65,0.98
2094,Unincorporate,Easton,3.82,0.05
2095,Unincorporate,Easton,25.12,0
2096,Unincorporate,Easton,11.76,0
2097,Unincorporate,Easton,7.21,0
2098,Unincorporate,Easton,2.05,0
2099,Unincorporate,Easton,45.19,0
2100,,,0,0
2101,,,0,0
2102,,,0,0
2103,,,0,0
2104,,,0,0
2105,,,0,0
2106,,,0,0
2107,,,0,0
2108,,,0,0
2109,,,0,0
2110,,,0,0
2111,Unincorporate,Friant,17.46,53
2112,Unincorporate,Friant,14.97,10.3244555
2113,,,0,0
2114,,,0,0
2115,,,0,0
2116,,,0,0
2117,,,0,0
2118,,,0,0
2119,,,0,0
2120,,,0,0
2121,Unincorporate,Lanare,23.68,0
2122,,,0,0
2123,,,0,0
2124,,,0,0
2125,,,0,0
2126,,,0,0
2127,,,0,0
2128,,,0,0
2129,,,0,0
2130,,,0,0
2131,Unincorporate,Laton,127.16,53.69
2132,,,0,0
2133,,,0,0
2134,,,0,0
2135,,,0,0
2136,,,0,0
2137,,,0,0
2138,,,0,0
2139,,,0,0
2140,,,0,0
2141,Unincorporate,Raisin City,46.44,3.776540074
2142,Unincorporate,Raisin City,52.29,0
2143,Unincorporate,Raisin City,11.73,0
2144,,,0,0
2145,,,0,0
2146,,,0,0
2147,,,0,0
2148,,,0,0
2149,,,0,0
2150,,,0,0
2151,Unincorporate,Riverdale,21.87,37.36274951
2152,Unincorporate,Riverdale,105.02,0
2153,Unincorporate,Riverdale,14.19,0
2154,Unincorporate,Riverdale,37.9,0
2155,Unincorporate,Riverdale,64.98,27.5095662
2156,,,0,0
2157,,,0,0
2158,,,0,0
2159,,,0,0
2160,,,0,0
2161,Unincorporate,Shaver Lake,22.06,20.2036392
2162,Unincorporate,Shaver Lake,23.09,0
2163,Unincorporate,Shaver Lake,0,11.07
2164,Unincorporate,Shaver Lake,32.05,0.13
2165,,,0,0
2166,,,0,0
2167,,,0,0
2168,,,0,0
2169,,,0,0
2170,,,0,0
2171,Unincorporate,Squaw Valley,43.85,11.77072228
2172,Unincorporate,Squaw Valley,82.45,12.85
2173,,,0,0
2174,,,0,0
2175,,,0,0
2176,,,0,0
2177,,,0,0
2178,,,0,0
2179,,,0,0
2180,,,0,0
2181,Unincorporate,Tranquillity,57.92,0
2182,Unincorporate,Tranquillity,11.28,7.118399181
2183,,,0,0
2184,,,0,0
2185,,,0,0
2186,,,0,0
2187,,,0,0
2188,,,0,0
2189,,,0,0
2190,,,0,0
2191,,,0,0
2192,,,0,0
2193,,,0,0
2194,,,0,0
2195,,,0,0
2196,,,0,0
2197,,,0,0
2198,,,0,0
2199,,,0,0
2200,,,0,0
2201,Unincorporate,Coast Range Foothills,0.31,0
2202,Unincorporate,Coast Range Foothills,1.38,50.86517113
2203,Unincorporate,Coast Range Foothills,1.01,11
2204,Unincorporate,Coast Range Foothills,2.76,0
2205,Unincorporate,Coast Range Foothills,1.38,4.83
2206,Unincorporate,Coast Range Foothills,7.29,0
2207,Unincorporate,Coast Range Foothills,6.02,5.062554333
2208,,,0,0
2209,,,0,0
2210,,,0,0
2211,,,0,0
2212,,,0,0
2213,,,0,0
2214,,,0,0
2215,,,0,0
2216,,,0,0
2217,,,0,0
2218,,,0,0
2219,,,0,0
2220,,,0,0
2221,Unincorporate,,41.17,0
2222,Unincorporate,,0,0
2223,Unincorporate,,8.36,0
2224,Unincorporate,,1.02,64.18
2225,Unincorporate,,1.75,29.56788937
2226,Unincorporate,,0.7,0
2227,Unincorporate,,3.41,0.37
2228,Unincorporate,,0.3,0.08
2229,Unincorporate,,3.14,0
2230,Unincorporate,,1.38,5.549326421
2231,Unincorporate,,0,0
2232,Unincorporate,,2.06,0
2233,Unincorporate,,3.41,0
2234,Unincorporate,,15.6,2.28
2235,Unincorporate,,1.37,0.47
2236,Unincorporate,,0.3,33.31166708
2237,Unincorporate,,3.4,0
2238,Unincorporate,,0.3,16
2239,Unincorporate,,0,7.11E-15
2240,Unincorporate,,0,0
2241,Unincorporate,,2.42,0
2242,Unincorporate,,3.12,0
2243,Unincorporate,,0,0
2244,Unincorporate,,0.7,0
2245,Unincorporate,,0.3,0
2246,Unincorporate,,2.74,0
2247,Unincorporate,,3.48,0.16
2248,Unincorporate,,2.05,19
2249,Unincorporate,,0,0
2250,Unincorporate,,0,8.48457499
2251,Unincorporate,,0,0
2252,Unincorporate,,4.11,0
2253,Unincorporate,,0,0
2254,Unincorporate,,1.02,0
2255,Unincorporate,,1.37,0
2256,Unincorporate,,2.04,9.785302868
2257,Unincorporate,,3.78,20.7601088
2258,Unincorporate,,1.37,0.74
2259,Unincorporate,,0,0
2260,Unincorporate,,0,10.77090379
2261,Unincorporate,,0,0
2262,Unincorporate,,3.75,11.94
2263,Unincorporate,,4.87,12.81564416
2264,Unincorporate,,0.73,0
2265,Unincorporate,,1.01,5.068940615
2266,Unincorporate,,0.3,2
2267,Unincorporate,,7.47,26.33939959
2268,Unincorporate,,0.7,0
2269,Unincorporate,,3.78,0
2270,Unincorporate,,11.8,0
2271,Unincorporate,,4.81,0
2272,Unincorporate,,3.11,1.218838085
2273,Unincorporate,,1.37,12
2274,Unincorporate,,5.83,4.97
2275,Unincorporate,,0,12
2276,Unincorporate,,1.01,6
2277,Unincorporate,,0.7,0
2278,Unincorporate,,0,49.04
2279,Unincorporate,,0,4
2280,Unincorporate,,0.7,0
2281,Unincorporate,,1.01,0
2282,Unincorporate,,0.7,3
2283,Unincorporate,,0,1
2284,Unincorporate,,2.04,19.52
2285,Unincorporate,,6.87,0
2286,Unincorporate,,0,15.44159949
2287,Unincorporate,,5.48,0
2288,Unincorporate,,0.3,0
2289,Unincorporate,,0.7,21.99184507
2290,Unincorporate,,1.38,0
2291,Unincorporate,,3.48,0
2292,Unincorporate,,9.28,0
2293,Unincorporate,,8.67,20.77861313
2294,Unincorporate,,5.15,34.2
2295,Unincorporate,,4.14,51
2296,Unincorporate,,0.38,0
2297,Unincorporate,,4.85,0
2298,Unincorporate,,0,0.482221475
2299,Unincorporate,,3.14,20
2300,Unincorporate,,0,0
2301,Unincorporate,,0.7,0
2302,Unincorporate,,0,0
2303,Unincorporate,,0,0
2304,Unincorporate,,7.01,0.343520857
2305,Unincorporate,,1.76,734.5407721
2306,Unincorporate,,0.71,95.85
2307,Unincorporate,,0,170.58
2308,Unincorporate,,0,0
2309,Unincorporate,,1.03,0
2310,Unincorporate,,0.31,0
2311,Unincorporate,,0.31,0
2312,Unincorporate,,0,0
2313,Unincorporate,,0,2.286832308
2314,Unincorporate,,0,0
2315,Unincorporate,,2.08,0
2316,Unincorporate,,0,0
2317,Unincorporate,,0,0
2318,Unincorporate,,0.32,14.95435126
2319,Unincorporate,,1.01,34
2320,Unincorporate,,0,0
2321,Unincorporate,,0,0.045648745
2322,Unincorporate,,0.31,0
2323,Unincorporate,,0,21
2324,Unincorporate,,2.77,32.84724247
2325,Unincorporate,,7.14,1.371068118
2326,Unincorporate,,0,0
2327,Unincorporate,,3.47,47.17737649
2328,,,0,0
2329,,,0,0
2330,,,0,0
2331,,,0,0
2332,,,0,0
2333,,,0,0
2334,,,0,0
2335,,,0,0
2336,,,0,0
2337,,,0,0
2338,,,0,0
2339,,,0,0
2340,,,0,0
2341,,,0,0
2342,,,0,0
2343,,,0,0
2344,,,0,0
2345,,,0,0
2346,,,0,0
2347,,,0,0
2348,,,0,0
2349,,,0,0
2350,,,0,0
2351,,,0,0
2352,,,0,0
2353,,,0,0
2354,,,0,0
2355,,,0,0
2356,,,0,0
2357,,,0,0
2358,,,0,0
2359,,,0,0
2360,,,0,0
2361,Unincorporate,,11.73,20.83
2362,Unincorporate,,15.17,16.48
2363,Unincorporate,,60.38,0
2364,Unincorporate,,2.86,0.01
2365,Unincorporate,,21.79,0
2366,Unincorporate,,13.96,0
2367,Unincorporate,,8.64,5.922629741
2368,Unincorporate,,0.41,0
2369,Unincorporate,,1.41,3
2370,Unincorporate,,27.94,2.62
2371,Unincorporate,,7.33,0
2372,Unincorporate,,10.04,0.98
2373,Unincorporate,,18.56,0
2374,Unincorporate,,20.23,0
2375,Unincorporate,,1,0
2376,Unincorporate,,2.8,0
2377,Unincorporate,,12.26,0
2378,Unincorporate,,5.97,0
2379,Unincorporate,,8.57,0
2380,Unincorporate,,7.22,1.96
2381,Unincorporate,,15,0
2382,Unincorporate,,10.08,0
2383,Unincorporate,,11.98,0.99
2384,Unincorporate,,12.06,0
2385,Unincorporate,,2.42,0
2386,Unincorporate,,4.13,0
2387,Unincorporate,,3.12,0
2388,Unincorporate,,0,0.37
2389,Unincorporate,,7.32,8.33
2390,Unincorporate,,9.72,0
2391,Unincorporate,,2.1,0.15
2392,Unincorporate,,1.73,0
2393,Unincorporate,,3.21,21.74
2394,Unincorporate,,1.44,0
2395,Unincorporate,,15.36,5.294355836
2396,Unincorporate,,0.3,0.01
2397,Unincorporate,,4.12,1
2398,Unincorporate,,1.37,0.37
2399,Unincorporate,,0,0
2400,Unincorporate,,8.25,0
2401,Unincorporate,,2.75,0
2402,Unincorporate,,3.4,0.63
2403,Unincorporate,,1.74,0
2404,Unincorporate,,4.85,0.65
2405,Unincorporate,,10.05,0
2406,Unincorporate,,20.14,0
2407,Unincorporate,,10.82,0
2408,Unincorporate,,3.86,0
2409,Unincorporate,,2.09,4
2410,Unincorporate,,2.47,0
2411,Unincorporate,,3.47,0.39
2412,Unincorporate,,2.1,0
2413,Unincorporate,,1.73,1.78E-15
2414,Unincorporate,,2.09,1.2
2415,Unincorporate,,0,0
2416,Unincorporate,,1.04,0
2417,Unincorporate,,1.73,0
2418,Unincorporate,,1.44,0
2419,Unincorporate,,3.73,9.145722455
2420,Unincorporate,,3.12,0
2421,Unincorporate,,3.12,0
2422,Unincorporate,,1.73,0
2423,Unincorporate,,3.47,0.53
2424,Unincorporate,,3.82,0
2425,Unincorporate,,1.04,1.78E-15
2426,Unincorporate,,3.47,2
2427,Unincorporate,West Park,8.33,0.74
2428,Unincorporate,West Park,2.75,0
2429,Unincorporate,,2.48,0
2430,Unincorporate,,6.23,1.54
2431,Unincorporate,West Park,3.47,0
2432,Unincorporate,West Park,25.25,12.76
2433,Unincorporate,,22.45,0
2434,Unincorporate,,3.13,0
2435,Unincorporate,,3.48,0
2436,Unincorporate,,3.92,0
2437,Unincorporate,West Park,9.38,1.86
2438,Unincorporate,,10.37,0
2439,Unincorporate,,1.44,0
2440,Unincorporate,West Park,11.12,1.38
2441,Unincorporate,,12.41,0
2442,Unincorporate,,5.87,5.9
2443,Unincorporate,,4.13,4.42
2444,Unincorporate,,2.05,0
2445,Unincorporate,,7.17,24.52
2446,Unincorporate,,13.88,24.59497347
2447,Unincorporate,,2.76,8.93502653
2448,Unincorporate,,4.12,0
2449,Unincorporate,,1.72,5.37
2450,Unincorporate,,0.03,1.12
2451,Unincorporate,,0.45,0
2452,Unincorporate,,6.57,3
2453,Unincorporate,,4.12,0
2454,Unincorporate,,3.78,0
2455,Unincorporate,,4.52,0
2456,Unincorporate,,5.92,2.57
2457,Unincorporate,,2.75,0.37
2458,Unincorporate,,4.13,0
2459,Unincorporate,,13.83,12.26
2460,Unincorporate,,4.96,0
2461,Unincorporate,,1.74,0
2462,Unincorporate,,7.5,15.67556059
2463,Unincorporate,,6.51,0
2464,Unincorporate,,6.52,14.95315833
2465,Unincorporate,,7.52,0
2466,Unincorporate,,5.88,5.77
2467,Unincorporate,,9.27,3.65
2468,Unincorporate,,17.14,23.27
2469,Unincorporate,,12.11,27.6
2470,Unincorporate,,32.75,0
2471,Unincorporate,,22.61,0
2472,Unincorporate,,19.64,0
2473,Unincorporate,,10.36,0
2474,Unincorporate,,22.39,0
2475,Unincorporate,,6.19,0
2476,Unincorporate,,3.78,1.27
2477,Unincorporate,,27.37,7.53
2478,Unincorporate,,7.98,0
2479,Unincorporate,,21.68,3.55
2480,Unincorporate,,9.27,0
2481,Unincorporate,,36.2,0
2482,Unincorporate,,4.83,0.51
2483,Unincorporate,,1.74,0
2484,Unincorporate,,3.46,0
2485,Unincorporate,,2.77,0
2486,Unincorporate,,3.15,0
2487,Unincorporate,,3.1,0
2488,Unincorporate,,0.7,0
2489,Unincorporate,,3.77,6.01
2490,Unincorporate,,10.68,1.93
2491,Unincorporate,,34.52,0
2492,Unincorporate,,15.94,793.6543862
2493,Unincorporate,,7.9,0
2494,Unincorporate,,7.98,4.89
2495,Unincorporate,,5.14,2.377086863
2496,Unincorporate,,4.38,3.572200458
2497,Unincorporate,,6.54,2.926236402
2498,Unincorporate,,14.46,5.826974273
2499,Unincorporate,,5.91,2.12
2500,Unincorporate,,22.08,0
2501,Unincorporate,,26.34,0
2502,Unincorporate,,24.29,0.44
2503,Unincorporate,,1.74,0
2504,Unincorporate,,3.46,13.63
2505,Unincorporate,,0,1.83
2506,Unincorporate,,5.75,1.5
2507,Unincorporate,,5.94,0
2508,Unincorporate,,17.99,0
2509,Unincorporate,,5.16,0
2510,Unincorporate,,8.31,11.41
2511,Unincorporate,,4.84,0
2512,Unincorporate,,7.65,0
2513,Unincorporate,,1.37,0
2514,Unincorporate,,11.76,1.65
2515,Unincorporate,,3.82,0
2516,Unincorporate,,6.91,2.86
2517,Unincorporate,,4.48,0
2518,Unincorporate,,6.19,0
2519,Unincorporate,Monmouth,49.38,0
2520,Unincorporate,,1.74,0.001595424
2521,Unincorporate,,1.74,0
2522,Unincorporate,,0.7,0
2523,Unincorporate,,3.11,0
2524,Unincorporate,,3.47,0
2525,Unincorporate,,0.4,0.37
2526,Unincorporate,,6.19,0
2527,Unincorporate,,4.12,0.15
2528,Unincorporate,,0,0.37
2529,Unincorporate,,3.78,0
2530,Unincorporate,,2.74,0
2531,Unincorporate,,1.74,0
2532,Unincorporate,,3.49,0
2533,Unincorporate,,4.46,0
2534,Unincorporate,,4.46,0
2535,Unincorporate,,44.8,0
2536,Unincorporate,,42.73,0
2537,Unincorporate,,16.53,0
2538,Unincorporate,,13.49,0
2539,Unincorporate,,7.98,0
2540,Unincorporate,,6.23,0
2541,Unincorporate,,5.21,0
2542,Unincorporate,,4.52,0
2543,Unincorporate,,9.04,0
2544,Unincorporate,,6.65,0.9
2545,Unincorporate,,5.53,14.13149467
2546,Unincorporate,,11.37,0
2547,Unincorporate,,5.56,1.038505331
2548,Unincorporate,,4.13,0
2549,Unincorporate,,4.52,0
2550,Unincorporate,,4.85,1.2
2551,Unincorporate,,3.48,0
2552,Unincorporate,,2.84,0
2553,Unincorporate,,4.47,0
2554,Unincorporate,,2.05,0
2555,Unincorporate,,2.76,1
2556,Unincorporate,,3.85,0.13
2557,Unincorporate,,16.41,2.56913064
2558,Unincorporate,,0,0
2559,Unincorporate,,4.15,3.55E-15
2560,Unincorporate,,0.69,0.78
2561,Unincorporate,,13.64,0
2562,Unincorporate,,6.27,0
2563,Unincorporate,,10.51,0
2564,Unincorporate,,7.23,0.08
2565,Unincorporate,,10.02,0
2566,Unincorporate,,2.75,0.74
2567,Unincorporate,,6.92,0
2568,Unincorporate,,10.01,0.32
2569,Unincorporate,,8.3,1.9
2570,Parlier,,6.54,2
2571,Parlier,,4.85,0.23
2572,Unincorporate,,18.02,0
2573,Unincorporate,,12.55,0
2574,Parlier,,0,0.37
2575,Parlier,,1.06,0
2576,Parlier,,5.49,0
2577,Parlier,,5.52,0
2578,Unincorporate,,20.13,0
2579,Unincorporate,,5.79,5.40223518
2580,Unincorporate,,3.16,0
2581,Fowler,,2.05,0
2582,Unincorporate,,2.05,2
2583,Unincorporate,,5.92,1.37
2584,Unincorporate,,3.47,0
2585,Unincorporate,,1.71,14.46862843
2586,Unincorporate,,3.82,0
2587,Unincorporate,,3.15,0.137164706
2588,Unincorporate,,11.75,2.6
2589,Unincorporate,,3.15,0
2590,Unincorporate,,12.55,11
2591,Unincorporate,,5.2,3.21
2592,Unincorporate,,3.14,0.74
2593,Unincorporate,,2.41,0.02
2594,Unincorporate,,7.24,0.37
2595,Unincorporate,,2.48,0
2596,Unincorporate,,14.22,1.363087492
2597,Unincorporate,,17.23,0
2598,Unincorporate,,19.35,0
2599,Unincorporate,,4.06,0
2600,Unincorporate,,13.85,0.66
2601,Unincorporate,,5.53,0
2602,Unincorporate,,4.13,1.37
2603,Unincorporate,,20.73,0.62
2604,Unincorporate,,0,0
2605,Unincorporate,,0.69,0
2606,Unincorporate,,0,1
2607,Unincorporate,,20.02,0
2608,Unincorporate,,3.14,2
2609,Unincorporate,,4.06,1.335406152
2610,Unincorporate,,27.34,0
2611,Unincorporate,,16.99,4.12
2612,Unincorporate,,7.68,0
2613,Unincorporate,,14.39,0.26
2614,Unincorporate,,15.32,0
2615,Unincorporate,,33.7,63.72825642
2616,Unincorporate,,15.64,0
2617,Unincorporate,,3.52,0
2618,Unincorporate,,4.84,0
2619,Unincorporate,,10.12,58.64
2620,Unincorporate,,0.3,0
2621,Unincorporate,,4.8,12.33251928
2622,Unincorporate,,1.02,0
2623,Unincorporate,,4.89,0
2624,Unincorporate,,3.16,0
2625,Unincorporate,,5.53,1.33
2626,Unincorporate,,1.74,0
2627,Unincorporate,,1.05,0
2628,Unincorporate,,0,0
2629,Unincorporate,,0,1.5
2630,Unincorporate,,0,32.15
2631,Unincorporate,,2.42,0
2632,Unincorporate,,3.08,0
2633,Unincorporate,,3.09,19.68
2634,Unincorporate,,4.14,3.08
2635,Unincorporate,,2.09,0
2636,Unincorporate,,1.36,0
2637,Unincorporate,,4.5,0
2638,Unincorporate,,9.42,0
2639,Unincorporate,,3.76,0
2640,Unincorporate,,3.13,0.74
2641,Unincorporate,,2.77,1.37
2642,Unincorporate,,3.14,3.37
2643,Unincorporate,,0,0
2644,Unincorporate,,5.25,0
2645,Unincorporate,,2.09,3
2646,Unincorporate,,1.38,8.88E-16
2647,Unincorporate,,14.57,3.49
2648,Unincorporate,,3.78,0
2649,Unincorporate,,7.34,0.86
2650,Unincorporate,,4.89,1.3
2651,Unincorporate,,4.23,1.32
2652,Unincorporate,,9.08,0
2653,Unincorporate,,12.1,1.25
2654,Unincorporate,,12.19,0.72
2655,Unincorporate,,2.41,0
2656,Unincorporate,,0.36,0
2657,Unincorporate,,0,2
2658,Unincorporate,,0,0
2659,Unincorporate,,13.46,0
2660,Unincorporate,,2.47,0
2661,Unincorporate,,2.07,0
2662,Unincorporate,,0.03,0.24
2663,Unincorporate,,3.48,0
2664,Unincorporate,,3.49,1
2665,Unincorporate,,0.36,0
2666,Unincorporate,,0.36,0.37
2667,Unincorporate,,0.69,0
2668,Unincorporate,,1.03,2
2669,Unincorporate,,1.05,0
2670,Unincorporate,,11.74,7.47
2671,Unincorporate,,4.47,0
2672,Unincorporate,,1.35,0
2673,Unincorporate,,1.71,0.14
2674,Unincorporate,,3.48,0
2675,Unincorporate,,14.25,0
2676,Unincorporate,,8.73,3
2677,Unincorporate,,2.78,0
2678,Unincorporate,,0.69,0
2679,Unincorporate,,1.71,0
2680,Unincorporate,,2.42,0.491743583
2681,Unincorporate,,2.08,0.02
2682,Unincorporate,,11.81,4.97
2683,Unincorporate,,9.01,1.01
2684,Unincorporate,Centerville,7.34,0
2685,Unincorporate,,8.01,0
2686,Unincorporate,,20.32,11.59
2687,Unincorporate,Centerville,4.59,0.01
2688,Unincorporate,Centerville,13.78,2.83
2689,Unincorporate,,7.96,0
2690,Unincorporate,,6.98,5.37
2691,Unincorporate,,1.71,0
2692,Unincorporate,,7.69,1.12
2693,Unincorporate,,0.69,0
2694,Unincorporate,,0,0
2695,Unincorporate,,1.42,0
2696,Unincorporate,,3.45,1.74
2697,Unincorporate,,7.01,4.11
2698,Unincorporate,,7,0.03
2699,Unincorporate,,19.86,0
2700,Unincorporate,Rural Res,68.39,0
2701,Unincorporate,,0,0
2702,Unincorporate,,2.1,0.2
2703,Unincorporate,,9.58,1.12
2704,Unincorporate,Rural Res,39.48,1.99
2705,Fresno,,0.7,0
2706,Unincorporate,,1.36,0
2707,Unincorporate,,14.43,0
2708,Unincorporate,,18.69,0
2709,Unincorporate,,93.78,0
2710,Unincorporate,Rural Res,46.25,14.96
2711,Unincorporate,,160.09,6.36
2712,Unincorporate,,2.12,0
2713,Unincorporate,,10.87,0.37
2714,Unincorporate,,11.66,0.03
2715,Unincorporate,,10.37,1.1
2716,Unincorporate,,8.13,0.02
2717,Unincorporate,,11.32,1.22
2718,Unincorporate,,2.15,0
2719,Unincorporate,,3.15,0
2720,Unincorporate,,1.37,0
2721,Unincorporate,,18.32,0.04
2722,Unincorporate,,17.59,0.51
2723,Unincorporate,,12.78,0.33
2724,Unincorporate,,4.18,0.39
2725,Unincorporate,,10.57,0
2726,Unincorporate,,12.77,0
2727,Unincorporate,,3.54,0
2728,Unincorporate,,4.94,0
2729,Unincorporate,,0.88,0
2730,Unincorporate,,2.46,0.01
2731,Unincorporate,,10.93,0.85
2732,Unincorporate,,9.53,0
2733,Unincorporate,,8.18,0.9
2734,Unincorporate,,10.61,0.37
2735,Unincorporate,,2.82,0.37
2736,Unincorporate,,18.04,0.02
2737,Unincorporate,,11.66,0.37
2738,Unincorporate,,3.16,1.12
2739,,,0,0
2740,,,0,0
2741,,,0,0
2742,,,0,0
2743,,,0,0
2744,,,0,0
2745,,,0,0
2746,,,0,0
2747,,,0,0
2748,,,0,0
2749,,,0,0
2750,,,0,0
2751,,,0,0
2752,,,0,0
2753,,,0,0
2754,,,0,0
2755,,,0,0
2756,,,0,0
2757,,,0,0
2758,,,0,0
2759,,,0,0
2760,,,0,0
2761,,,0,0
2762,,,0,0
2763,,,0,0
2764,,,0,0
2765,,,0,0
2766,,,0,0
2767,,,0,0
2768,,,0,0
2769,,,0,0
2770,,,0,0
2771,Clovis,,63.22,5.040103954
2772,Unincorporate,,31.45,14.32
2773,Unincorporate,,2.13,0
2774,Unincorporate,,1.41,0
2775,Unincorporate,,0,0
2776,Unincorporate,,0,0
2777,Unincorporate,,0,0
2778,Unincorporate,,0,0
2779,Unincorporate,,0,0
2780,Unincorporate,,1.75,0
2781,Unincorporate,,0,0
2782,Unincorporate,,0,0
2783,Unincorporate,,0,0
2784,Unincorporate,,3.57,0
2785,Unincorporate,,1.74,0
2786,Unincorporate,,4.65,0.01
2787,Unincorporate,,4.64,3.568597274
2788,Unincorporate,,0,1.855111516
2789,,,0,0
2790,,,0,0
2791,,,0,0
2792,,,0,0
2793,,,0,0
2794,,,0,0
2795,,,0,0
2796,,,0,0
2797,,,0,0
2798,,,0,0
2799,,,0,0
2800,,,0,0
2801,Unincorporate,,0.07,0
2802,Unincorporate,,11.13,0
2803,Unincorporate,,9.14,1.89
2804,Unincorporate,Rural Res,25.62,5.05
2805,Unincorporate,Rural Res,23.48,0.18
2806,Unincorporate,Rural Res,22.99,1.37
2807,Unincorporate,Friant Ranch,4.84,41.69
2808,,,0,0
2809,,,0,0
2810,,,0,0
2811,,,0,0
2812,,,0,0
2813,,,0,0
2814,,,0,0
2815,,,0,0
2816,,,0,0
2817,,,0,0
2818,,,0,0
2819,,,0,0
2820,,,0,0
2821,Unincorporate,Millerton,7.87,0
2822,Unincorporate,Millerton,0,0
2823,Unincorporate,,0,0.12
2824,Unincorporate,,14.95,1.22
2825,Unincorporate,,78.81,4.81534204
2826,Unincorporate,,119.57,0
2827,Unincorporate,,28.68,36.3
2828,Unincorporate,,25.19,0.78
2829,Unincorporate,,28.74,0
2830,Unincorporate,,29.26,0.07
2831,Unincorporate,,51.47,1.52
2832,Unincorporate,,32.81,0.38
2833,Unincorporate,,5.64,2
2834,Unincorporate,,38.65,0
2835,Unincorporate,,45.53,7.6
2836,Unincorporate,,2.53,12.25487834
2837,Unincorporate,,3.12,0
2838,Unincorporate,,19.54,0
2839,,,0,0
2840,,,0,0
2841,,,0,0
2842,,,0,0
2843,,,0,0
2844,,,0,0
2845,,,0,0
2846,,,0,0
2847,,,0,0
2848,,,0,0
2849,,,0,0
2850,,,0,0
2851,Unincorporate,,43.73,28.38686342
2852,Unincorporate,,40.38,0
2853,Unincorporate,,37.61,4.58854038
2854,Unincorporate,,107.12,0
2855,Unincorporate,,0.69,0
2856,,,0,0
2857,,,0,0
2858,,,0,0
2859,,,0,0
2860,,,0,0
2861,,,0,0
2862,,,0,0
2863,,,0,0
2864,,,0,0
2865,,,0,0
2866,,,0,0
2867,,,0,0
2868,,,0,0
2869,,,0,0
2870,,,0,0
2871,,,0,0
2872,,,0,0
2873,,,0,0
2874,,,0,0
2875,,,0,0
2876,,,0,0
2877,,,0,0
2878,,,0,0
2879,,,0,0
2880,,,0,0
2881,,,0,0
2882,,,0,0
2883,,,0,0
2884,,,0,0
2885,,,0,0
2886,,,0,0
2887,,,0,0
2888,,,0,0
2889,,,0,0
2890,,,0,0
2891,,,0,0
2892,,,0,0
2893,,,0,0
2894,,,0,0
2895,,,0,0
2896,,,0,0
2897,,,0,0
2898,,,0,0
2899,,,0,0
2900,,,0,0
2901,,,0,0
2902,,,0,0
2903,,,0,0
2904,,,0,0
2905,,,0,0
2906,,,0,0
2907,,,0,0
2908,,,0,0
2909,,,0,0
2910,,,0,0
2911,,,0,0
2912,,,0,0
2913,,,0,0
2914,,,0,0
2915,,,0,0
2916,,,0,0
2917,,,0,0
2918,,,0,0
2919,,,0,0
2920,,,0,0
2921,,,0,0
2922,,,0,0
2923,,,0,0
2924,,,0,0
2925,,,0,0
2926,,,0,0
2927,,,0,0
2928,,,0,0
2929,,,0,0
2930,,,0,0
2931,,,0,0
2932,,,0,0
2933,,,0,0
2934,,,0,0
2935,,,0,0
2936,,,0,0
2937,,,0,0
2938,,,0,0
2939,,,0,0
2940,,,0,0
2941,,,0,0
2942,,,0,0
2943,,,0,0
2944,,,0,0
2945,,,0,0
2946,,,0,0
2947,,,0,0
2948,,,0,0
2949,,,0,0
2950,,,0,0
2951,,,0,0
2952,,,0,0
2953,,,0,0
2954,,,0,0
2955,,,0,0
2956,,,0,0
2957,,,0,0
2958,,,0,0
2959,,,0,0
2960,,,0,0
2961,,,0,0
2962,,,0,0
2963,,,0,0
2964,,,0,0
2965,,,0,0
2966,,,0,0
2967,,,0,0
2968,,,0,0
2969,,,0,0
2970,,,0,0
2971,,,0,0
2972,,,0,0
2973,,,0,0
2974,,,0,0
2975,,,0,0
2976,,,0,0
2977,,,0,0
2978,,,0,0
2979,,,0,0
2980,,,0,0
2981,,,0,0
2982,,,0,0
2983,,,0,0
2984,,,0,0
2985,,,0,0
2986,,,0,0
2987,,,0,0
2988,,,0,0
2989,,,0,0
2990,,,0,0
2991,,,0,0
2992,,,0,0
2993,,,0,0
2994,,,0,0
2995,,,0,0
2996,,,0,0
2997,,,0,0
2998,,,0,0
2999,,,0,0
3000,,,0,0
